{"learner":{"attributes":{"scikit_learn":"{\"_estimator_type\": \"regressor\"}"},"feature_names":[],"feature_types":[],"gradient_booster":{"model":{"gbtree_model_param":{"num_parallel_tree":"1","num_trees":"10"},"iteration_indptr":[0,1,2,3,4,5,6,7,8,9,10],"tree_info":[0,0,0,0,0,0,0,0,0,0],"trees":[{"base_weights":[-0E0,-1.7401384E1,7.8006206E0,-1.9424545E1,-8.493333E-1,2.8767917E0,2.4529167E1,4.2785883E0,-0E0,2.89228E1,-0E0,-0E0,5.4293847E0,5.91425E0,-0E0,6.4145455E0,-0E0,-0E0,6.9929E0,1.0208E0,9.1375E0],"categories":[],"categories_nodes":[],"categories_segments":[],"categories_sizes":[],"default_left":[0,0,0,0,0,0,0,0,0,0,0,0,0,0,0,0,0,0,0,0,0],"id":0,"left_children":[1,3,5,-1,-1,7,9,11,-1,-1,-1,-1,13,15,-1,17,-1,-1,19,-1,-1],"loss_changes":[5.701147E3,2.161001E2,2.0440616E3,0E0,0E0,1.1258507E2,5.725615E2,7.200943E1,0E0,0E0,0E0,0E0,3.6523407E1,3.2870117E1,0E0,3.639618E1,0E0,0E0,1.7167114E1,0E0,0E0],"parents":[2147483647,0,0,1,1,2,2,5,5,6,6,7,7,12,12,13,13,15,15,18,18],"right_children":[2,4,6,-1,-1,8,10,12,-1,-1,-1,-1,14,16,-1,18,-1,-1,20,-1,-1],"split_conditions":[-5.59217E-1,5.176642E-1,7.9914963E-1,-1.9424545E1,-8.493333E-1,7.443565E-1,1.4443533E0,2.603882E-1,-0E0,2.89228E1,-0E0,-0E0,1.4367822E0,7.033516E-1,-0E0,-1.129089E0,-0E0,-0E0,3.3899167E-1,1.0208E0,9.1375E0],"split_indices":[2,3,2,0,0,5,2,2,0,0,0,0,3,2,0,3,0,0,2,0,0],"split_type":[0,0,0,0,0,0,0,0,0,0,0,0,0,0,0,0,0,0,0,0,0],"sum_hessian":[4E1,1.2E1,2.8E1,1E1,2E0,2.3E1,5E0,1.6E1,7E0,4E0,1E0,4E0,1.2E1,1.1E1,1E0,1E1,1E0,1E0,9E0,4E0,5E0],"tree_param":{"num_deleted":"0","num_feature":"8","num_nodes":"21","size_leaf_vector":"1"}},{"base_weights":[4.995664E-1,-5.002896E0,2.2881298E0,-7.1295934E0,-0E0,1.0850295E0,8.23935E0,-7.724581E0,-0E0,2.8952312E0,-0E0,1.01321335E1,-0E0,-0E0,4.219165E0,8.983891E-1,-1.1369275E-1,-0E0,2.0123339E0,-2.0947489E-1,-0E0,-2.9186243E-1,-0E0],"categories":[],"categories_nodes":[],"categories_segments":[],"categories_sizes":[],"default_left":[0,0,0,0,0,0,0,0,0,0,0,0,0,0,0,0,0,0,0,0,0,0,0],"id":1,"left_children":[1,3,5,7,-1,9,11,-1,-1,13,15,-1,-1,-1,-1,17,19,-1,-1,21,-1,-1,-1],"loss_changes":[3.878012E2,1.3055699E2,1.3409346E2,2.1972046E0,0E0,4.012261E1,3.643283E1,0E0,0E0,3.1366852E1,7.4448915E0,0E0,0E0,0E0,0E0,4.8845363E0,3.4559214E-1,0E0,0E0,1.5491277E-1,0E0,0E0,0E0],"parents":[2147483647,0,0,1,1,2,2,3,3,5,5,6,6,9,9,10,10,15,15,16,16,19,19],"right_children":[2,4,6,8,-1,10,12,-1,-1,14,16,-1,-1,-1,-1,18,20,-1,-1,22,-1,-1,-1],"split_conditions":[-8.425171E-1,3.14455E-1,9.70276E-1,9.4126964E-1,-0E0,-5.719197E-1,1.2111708E0,-7.724581E0,-0E0,-8.744289E-1,-1.7167436E-1,1.01321335E1,-0E0,-0E0,4.219165E0,6.1737907E-1,1.5701525E0,-0E0,2.0123339E0,5.241497E-1,-0E0,-2.9186243E-1,-0E0],"split_indices":[2,1,2,0,0,1,0,0,0,0,3,0,0,0,0,2,1,0,0,0,0,0,0],"split_type":[0,0,0,0,0,0,0,0,0,0,0,0,0,0,0,0,0,0,0,0,0,0,0],"sum_hessian":[4E1,8E0,3.2E1,6E0,2E0,2.9E1,3E0,5E0,1E0,8E0,2.1E1,2E0,1E0,3E0,5E0,8E0,1.3E1,6E0,2E0,1.1E1,2E0,7E0,4E0],"tree_param":{"num_deleted":"0","num_feature":"8","num_nodes":"23","size_leaf_vector":"1"}},{"base_weights":[3.8447326E-1,5.527204E0,-0E0,-8.593327E-1,4.8287126E-1,-0E0,-1.6774887E0,6.00746E-1,-0E0,-3.1722386E0,-0E0],"categories":[],"categories_nodes":[],"categories_segments":[],"categories_sizes":[],"default_left":[0,0,0,0,0,0,0,0,0,0,0],"id":2,"left_children":[1,-1,3,5,7,-1,9,-1,-1,-1,-1],"loss_changes":[8.5589355E1,0E0,1.6905907E1,1.9876862E1,1.3887978E0,0E0,3.948803E1,0E0,0E0,0E0,0E0],"parents":[2147483647,0,0,2,2,3,3,4,4,6,6],"right_children":[2,-1,4,6,8,-1,10,-1,-1,-1,-1],"split_conditions":[-1.3659637E0,5.527204E0,2.5396496E-2,-1.1618357E0,7.443565E-1,-0E0,8.8838935E-3,6.00746E-1,-0E0,-3.1722386E0,-0E0],"split_indices":[1,0,2,5,5,0,0,0,0,0,0],"split_type":[0,0,0,0,0,0,0,0,0,0,0],"sum_hessian":[4E1,2E0,3.8E1,1.4E1,2.4E1,4E0,1E1,1.9E1,5E0,6E0,4E0],"tree_param":{"num_deleted":"0","num_feature":"8","num_nodes":"11","size_leaf_vector":"1"}},{"base_weights":[3.006892E-1,-0E0,1.6502357E0,-2.0342743E-1,3.6442095E-1,3.044885E0,-0E0,-3.1483978E-1,-0E0,-0E0,6.947228E-1,4.123095E0,-0E0,-0E0,-4.17915E-1,7.384255E-1,-0E0,-4.9484617E-1,-0E0],"categories":[],"categories_nodes":[],"categories_segments":[],"categories_sizes":[],"default_left":[0,0,0,0,0,0,0,0,0,0,0,0,0,0,0,0,0,0,0],"id":3,"left_children":[1,3,5,7,9,11,-1,13,-1,-1,15,-1,-1,-1,17,-1,-1,-1,-1],"loss_changes":[1.8079248E1,2.4540143E0,1.5299074E1,9.892964E-1,2.8829288E0,1.3914444E1,0E0,1.3359241E0,0E0,0E0,1.842022E-2,0E0,0E0,0E0,8.444307E-1,0E0,0E0,0E0,0E0],"parents":[2147483647,0,0,1,1,2,2,3,3,4,4,5,5,7,7,10,10,14,14],"right_children":[2,4,6,8,10,12,-1,14,-1,-1,16,-1,-1,-1,18,-1,-1,-1,-1],"split_conditions":[6.632311E-1,6.740958E-1,6.163235E-1,6.0182214E-1,-1.1566808E0,1.0148791E0,-0E0,-1.1459088E0,-0E0,-0E0,9.4692034E-1,4.123095E0,-0E0,-0E0,1.5701525E0,7.384255E-1,-0E0,-4.9484617E-1,-0E0],"split_indices":[2,6,4,2,1,0,0,1,0,0,1,0,0,0,1,0,0,0,0],"split_type":[0,0,0,0,0,0,0,0,0,0,0,0,0,0,0,0,0,0,0],"sum_hessian":[4E1,3.3E1,7E0,2.3E1,1E1,3E0,4E0,1.9E1,4E0,2E0,8E0,2E0,1E0,1E0,1.8E1,7E0,1E0,1.6E1,2E0],"tree_param":{"num_deleted":"0","num_feature":"8","num_nodes":"19","size_leaf_vector":"1"}},{"base_weights":[1.6660058E-1,-0E0,4.6263424E-1,-0E0,-1.8001953E-1,-0E0,1.1784723E0,-4.1435504E-1,-0E0,1.9871397E-1,-0E0,1.3489099E0,-0E0,-0E0,-6.674159E-1,2.546356E-1,-0E0],"categories":[],"categories_nodes":[],"categories_segments":[],"categories_sizes":[],"default_left":[0,0,0,0,0,0,0,0,0,0,0,0,0,0,0,0,0],"id":4,"left_children":[1,3,5,-1,7,9,11,13,-1,15,-1,-1,-1,-1,-1,-1,-1],"loss_changes":[4.854866E0,4.2129135E-1,3.7287254E0,0E0,9.522294E-1,5.5282146E-1,1.1957693E0,1.2991437E0,0E0,3.0732155E-2,0E0,0E0,0E0,0E0,0E0,0E0,0E0],"parents":[2147483647,0,0,1,1,2,2,4,4,5,5,6,6,7,7,9,9],"right_children":[2,4,6,-1,8,10,12,14,-1,16,-1,-1,-1,-1,-1,-1,-1],"split_conditions":[-4.929222E-1,-2.7371888E0,7.940509E-1,-0E0,8.8838935E-3,2.5424856E-1,3.9837916E0,-1.1618357E0,-0E0,6.163235E-1,-0E0,1.3489099E0,-0E0,-0E0,-6.674159E-1,2.546356E-1,-0E0],"split_indices":[4,2,0,0,0,0,0,5,0,4,0,0,0,0,0,0,0],"split_type":[0,0,0,0,0,0,0,0,0,0,0,0,0,0,0,0,0],"sum_hessian":[4E1,1.3E1,2.7E1,1E0,1.2E1,2.1E1,6E0,7E0,5E0,1.3E1,8E0,5E0,1E0,2E0,5E0,8E0,5E0],"tree_param":{"num_deleted":"0","num_feature":"8","num_nodes":"17","size_leaf_vector":"1"}},{"base_weights":[3.380647E-2,-0E0,1.852551E-1,3.7788334E-1,-0E0,6.6451776E-1,-0E0,-0E0,-1.1328165E-1,8.6459947E-1,-0E0,-0E0,8.921907E-1,-0E0,-1.9030608E-1,9.1911894E-1,-0E0],"categories":[],"categories_nodes":[],"categories_segments":[],"categories_sizes":[],"default_left":[0,0,0,0,0,0,0,0,0,0,0,0,0,0,0,0,0],"id":5,"left_children":[1,-1,3,5,7,9,-1,11,13,15,-1,-1,-1,-1,-1,-1,-1],"loss_changes":[1.2916006E0,0E0,2.2314372E0,3.4954457E0,1.4116006E-1,3.4001107E0,0E0,3.184017E0,2.21004E-1,5.166836E-1,0E0,0E0,0E0,0E0,0E0,0E0,0E0],"parents":[2147483647,0,0,2,2,3,3,4,4,5,5,7,7,8,8,9,9],"right_children":[2,-1,4,6,8,10,-1,12,14,16,-1,-1,-1,-1,-1,-1,-1],"split_conditions":[-2.0775588E0,-0E0,1.3469833E-1,6.163235E-1,-7.1810997E-1,1.545531E0,-0E0,-8.744289E-1,5.8935386E-1,2.0517564E-1,-0E0,-0E0,8.921907E-1,-0E0,-1.9030608E-1,9.1911894E-1,-0E0],"split_indices":[4,0,3,4,1,1,0,0,7,0,0,0,0,0,0,0,0],"split_type":[0,0,0,0,0,0,0,0,0,0,0,0,0,0,0,0,0],"sum_hessian":[4E1,2E0,3.8E1,2.4E1,1.4E1,1.5E1,9E0,4E0,1E1,1.3E1,2E0,1E0,3E0,1E0,9E0,1.2E1,1E0],"tree_param":{"num_deleted":"0","num_feature":"8","num_nodes":"17","size_leaf_vector":"1"}},{"base_weights":[-0E0,-4.340561E-3,-0E0,-0E0,-2.5012696E-1,-0E0,1.438805E-1,-3.319155E-1,-0E0,-0E0,2.980463E-1,-0E0,-7.182831E-1,4.2716527E-1,-0E0,-7.6436883E-1,-0E0],"categories":[],"categories_nodes":[],"categories_segments":[],"categories_sizes":[],"default_left":[0,0,0,0,0,0,0,0,0,0,0,0,0,0,0,0,0],"id":6,"left_children":[1,3,5,-1,7,-1,9,11,-1,-1,13,-1,15,-1,-1,-1,-1],"loss_changes":[5.6521414E-4,1.6260859E0,1.8631439E-1,0E0,1.1275463E0,0E0,4.355067E-1,2.4051092E0,0E0,0E0,1.08059585E-1,0E0,9.9030495E-2,0E0,0E0,0E0,0E0],"parents":[2147483647,0,0,1,1,2,2,4,4,6,6,7,7,10,10,12,12],